tx_id	protein_id	protein_sequence	gene_name
ENST00000680239	ENSP00000506169	MRKKELSATKKDRVNHCLTICENIVAQSVRNSPEFQKLLGIAMELFLLCSDDAESDVRMVADECLNKVIKALMDSNLPRLQLELYKEIKKNGAPRSLRAALWRFAELAHLVRPQKCRPYLVNLLPCLTRTSKRPEESVQETLAAAVPKIMASFGNFANDNEIKVLLKAFIANLKSSSPTIRRTAAGSAVSICQHSRRTQYFYSWLLNVLLGLLVPVEDEHSTLLILGVLLTLRYLVPLLQQQVKDTSLKGSFGVTRKEMEVSPSAEQLVQVYELTLHHTQHQDHNVVTGALELLQQLFRTPPPELLQTLTAVGGIGQLTAAKEESGGRSRSGSIVELIAGGGSSCSPVLSRKQKGKVLLGEEEALEDDSESRSDVSSSALTASVKDEISGELAASSGVSTPGSAGHDIITEQPRSQHTLQADSVDLASCDLTSSATDGDEEDILSHSSSQVSAVPSDPAMDLNDGTQASSPISDSSQTTTEGPDSAVTPSDSSEIVLDGTDNQYLGLQIGQPQDEDEEATGILPDEASEAFRNSSMALQQAHLLKNMSHCRQPSDSSVDKFVLRDEATEPGDQENKPCRIKGDIGQSTDDDSAPLVHCVRLLSASFLLTGGKNVLVPDRDVRVSVKALALSCVGAAVALHPESFFSKLYKVPLDTTEYPEEQYVSDILNYIDHGDPQVRGATAILCGTLICSILSRSRFHVGDWMGTIRTLTGNTFSLADCIPLLRKTLKDESSVTCKLACTAVRNCVMSLCSSSYSELGLQLIIDVLTLRNSSYWLVRTELLETLAEIDFRLVSFLEAKAENLHRGAHHYTGLLKLQERVLNNVVIHLLGDEDPRVRHVAAASLIRLVPKLFYKCDQGQADPVVAVARDQSSVYLKLLMHETQPPSHFSVSTITRIYRGYNLLPSITDVTMENNLSRVIAAVSHELITSTTRALTFGCCEALCLLSTAFPVCIWSLGWHCGVPPLSASDESRKSCTVGMATMILTLLSSAWFPLDLSAHQDALILAGNLLAASAPKSLRSSWASEEEANPAATKQEEVWPALGDRALVPMVEQLFSHLLKVINICAHVLDDVAPGPAIKAALPSLTNPPSLSPIRRKGKEKEPGEQASVPLSPKKGSEASAASRQSDTSGPVTTSKSSSLGSFYHLPSYLKLHDVLKATHANYKVTLDLQNSTEKFGGFLRSALDVLSQILELATLQDIGKCVEEILGYLKSCFSREPMMATVCVQQLLKTLFGTNLASQFDGLSSNPSKSQGRAQRLGSSSVRPGLYHYCFMAPYTHFTQALADASLRNMVQAEQENDTSGWFDVLQKVSTQLKTNLTSVTKNRADKNAIHNHIRLFEPLVIKALKQYTTTTCVQLQKQVLDLLAQLVQLRVNYCLLDSDQVFIGFVLKQFEYIEVGQFRESEAIIPNIFFFLVLLSYERYHSKQIIGIPKIIQLCDGIMASGRKAVTHAIPALQPIVHDLFVLRGTNKADAGKELETQKEVVVSMLLRLIQYHQVLEMFILVLQQCHKENEDKWKRLSRQIADIILPMLAKQQMHIDSHEALGVLNTLFEILAPSSLRPVDMLLRSMFVTPNTMASVSTVQLWISGILAILRVLISQSTEDIVLSRIQELSFSPYLISCTVINRLRDGDSTSTLEEHSEGKQIKNLPEETFSRFLLQLVGILLEDIVTKQLKVEMSEQQHTFYCQELGTLLMCLIHIFKSGMFRRITAAATRLFRSDGCGGSFYTLDSLNLRARSMITTHPALVLLWCQILLLVNHTDYRWWAEVQQTPKRHSLSSTKLLSPQMSGEEEDSDLAAKLGMCNREIVRRGALILFCDYVCQNLHDSEHLTWLIVNHIQDLISLSHEPPVQDFISAVHRNSAASGLFIQAIQSRCENLSTPTMLKKTLQCLEGIHLSQSGAVLTLYVDRLLCTPFRVLARMVDILACRRVEMLLAANLQSSMAQLPMEELNRIQEYLQSSGLAQRHQRLYSLLDRFRLSTMQDSLSPSPPVSSHPLDGDGHVSLETVSPDKDWYVHLVKSQCWTRSDSALLEGAELVNRIPAEDMNAFMMNSEFNLSLLAPCLSLGMSEISGGQKSALFEAAREVTLARVSGTVQQLPAVHHVFQPELPAEPAAYWSKLNDLFGDAALYQSLPTLARALAQYLVVVSKLPSHLHLPPEKEKDIVKFVVATLEALSWHLIHEQIPLSLDLQAGLDCCCLALQLPGLWSVVSSTEFVTHACSLIYCVHFILEAVAVQPGEQLLSPERRTNTPKAISEEEEEVDPNTQNPKYITAACEMVAEMVESLQSVLALGHKRNSGVPAFLTPLLRNIIISLARLPLVNSYTRVPPLVWKLGWSPKPGGDFGTAFPEIPVEFLQEKEVFKEFIYRINTLGWTSRTQFEETWATLLGVLVTQPLVMEQEESPPEEDTERTQINVLAVQAITSLVLSAMTVPVAGNPAVSCLEQQPRNKPLKALDTRFGRKLSIIRGIVEQEIQAMVSKRENIATHHLYQAWDPVPSLSPATTGALISHEKLLLQINPERELGSMSYKLGQVSIHSVWLGNSITPLREEEWDEEEEEEADAPAPSSPPTSPVNSRKHRAGVDIHSCSQFLLELYSRWILPSSSARRTPAILISEVVRSLLVVSDLFTERNQFELMYVTLTELRRVHPSEDEILAQYLVPATCKAAAVLGMDKAVAEPVSRLLESTLRSSHLPSRVGALHGVLYVLECDLLDDTAKQLIPVISDYLLSNLKGIAHCVNIHSQQHVLVMCATAFYLIENYPLDVGPEFSASIIQMCGVMLSGSEESTPSIIYHCALRGLERLLLSEQLSRLDAESLVKLSVDRVNVHSPHRAMAALGLMLTCMYTGKEKVSPGRTSDPNPAAPDSESVIVAMERVSVLFDRTS	HTT
ENST00000680956	ENSP00000506029	MRKKELSATKKDRVNHCLTICENIVAQSVRNSPEFQKLLGIAMELFLLCSDDAESDVRMVADECLNKVIKALMDSNLPRLQLELYKEIKKNGAPRSLRAALWRFAELAHLVRPQKCRPYLVNLLPCLTRTSKRPEESVQETLAAAVPKIMASFGNFANDNEIKVLLKAFIANLKSSSPTIRRTAAGSAVSICQHSRRTQYFYSWLLNVLLGLLVPVEDEHSTLLILGVLLTLRYLVPLLQQQVKDTSLKGSFGVTRKEMEVSPSAEQLVQVYELTLHHTQHQDHNVVTGALELLQQLFRTPPPELLQTLTAVGGIGQLTAAKEESGGRSRSGSIVELIAGGGSSCSPVLSRKQKGKVLLGEEEALEDDSESRSDVSSSALTASVKDEISGELAASSGVSTPGSAGHDIITEQPRSQHTLQADSVDLASCDLTSSATDGDEEDILSHSSSQVSAVPSDPAMDLNDGTQASSPISDSSQTTTEGPDSAVTPSDSSEIVLDGTDNQYLGLQIGQPQDEDEEATGILPDEASEAFRNSSMALQQAHLLKNMSHCRQPSDSSVDKFVLRDEATEPGDQENKPCRIKGDIGQSTDDDSAPLVHCVRLLSASFLLTGGKNVLVPDRDVRVSVKALALSCVGAAVALHPESFFSKLYKVPLDTTEYPEEQYVSDILNYIDHGDPQVRGATAILCGTLICSILSRSRFHVGDWMGTIRTLTGNTFSLADCIPLLRKTLKDESSVTCKLACTAVRNCVMSLCSSSYSELGLQLIIDVLTLRNSSYWLVRTELLETLAEIDFRLVSFLEAKAENLHRGAHHYTGLLKLQERVLNNVVIHLLGDEDPRVRHVAAASLIRLVPKLFYKCDQGQADPVVAVARDQSSVYLKLLMHETQPPSHFSVSTITRIYRGYNLLPSITDVTMENNLSRVIAAVSHELITSTTRALTFGCCEALCLLSTAFPVCIWSLGWHCGVPPLSASDESRKSCTVGMATMILTLLSSAWFPLDLSAHQDALILAGNLLAASAPKSLRSSWASEEEANPAATKQEEVWPALGDRALVPMVEQLFSHLLKVINICAHVLDDVAPGPAIKAALPSLTNPPSLSPIRRKGKEKEPGEQASVPLSPKKGSEASAASRQSDTSGPVTTSKSSSLGSFYHLPSYLKLHDVLKATHANYKVTLDLQNSTEKFGGFLRSALDVLSQILELATLQDIGKCVEEILGYLKSCFSREPMMATVCVQQLLKTLFGTNLASQFDGLSSNPSKSQGRAQRLGSSSVRPGLYHYCFMAPYTHFTQALADASLRNMVQAEQENDTSGWFDVLQKVSTQLKTNLTSVTKNRADKNAIHNHIRLFEPLVIKALKQYTTTTCVQLQKQVLDLLAQLVQLRVNYCLLDSDQVFIGFVLKQFEYIEVGQFRESEAIIPNIFFFLVLLSYERYHSKQIIGIPKIIQLCDGIMASGRKAVTHAIPALQPIVHDLFVLRGTNKADAGKELETQKEVVVSMLLRLIQYHQVLEMFILVLQQCHKENEDKWKRLSRQIADIILPMLAKQQMHIDSHEALGVLNTLFEILAPSSLRPVDMLLRSMFVTPNTMASVSTVQLWISGILAILRVLISQSTEDIVLSRIQELSFSPYLISCTVINRLRDGDSTSTLEEHSEGKQIKNLPEETFSRFLLQLVGILLEDIVTKQLKVEMSEQQHTFYCQELGTLLMCLIHIFKSGMFRRITAAATRLFRSDGCGGSFYTLDSLNLRARSMITTHPALVLLWCQILLLVNHTDYRWWAEVQQTPKRHSLSSTKLLSPQMSGEEEDSDLAAKLGMCNREIVRRGALILFCDYVCQNLHDSEHLTWLIVNHIQDLISLSHEPPVQDFISAVHRNSAASGLFIQAIQSRCENLSTPTMLKKTLQCLEGIHLSQSGAVLTLYVDRLLCTPFRVLARMVDILACRRVEMLLAANLQSSMAQLPMEELNRIQEYLQSSGLAQRHQRLYSLLDRFRLSTMQDSLSPSPPVSSHPLDGDGHVSLETVSPDKDWYVHLVKSQCWTRSDSALLEGAELVNRIPAEDMNAFMMNSEFNLSLLAPCLSLGMSEISGGQKSALFEAAREVTLARVSGTVQQLPAVHHVFQPELPAEPAAYWSKLNDLFGDAALYQSLPTLARALAQYLVVVSKLPSHLHLPPEKEKDIVKFVVATLEALSWHLIHEQIPLSLDLQAGLDCCCLALQLPGLWSVVSSTEFVTHACSLIYCVHFILEAVAVQPGEQLLSPERRTNTPKAISEEEEEVDPNTQNPKYITAACEMVAEMVESLQSVLALGHKRNSGVPAFLTPLLRNIIISLARLPLVNSYTRVPPLVWKLGWSPKPGGDFGTAFPEIPVEFLQEKEVFKEFIYRINTLGWTSRTQFEETWATLLGVLVTQPLVMEQEESPPEEDTERTQINVLAVQAITSLVLSAMTVPVAGNPAVSCLEQQPRNKPLKALDTRFGRKLSIIRGIVEQEIQAMVSKRENIATHHLYQAWDPVPSLSPATTGALISHEKLLLQINPERELGSMSYKLGQVSIHSVWLGNSITPLREEEWDEEEEEEADAPAPSSPPTSPVNSRKHRAGVDIHSCSQFLLELYSRWILPSSSARRTPAILISEVVRSLLVVSDLFTERNQFELMYVTLTELRRVHPSEDEILAQYLVPATCKAAAVLGMDKAVAEPVSRLLESTLRSSHLPSRVGALHGVLYVLECDLLDDTAKQLIPVISDYLLSNLKGIAHCVNIHSQQHVLVMCATAFYLIENYPLDVGPEFSASIIQMCGVMLSGSEESTPSIIYHCALRGLERLLLSEQLSRLDAESLVKLSVDRVNVHSPHRAMAALGLMLTCMYTGKEKVSPGRTSDPNPAAPDSESVIVAMERVSVLFDRIRKGFPCEARVVARILPQFLDDFFPPQDIMNKVIGEFLSNQQPYPQFMATVVYKVFQTLHSTGQSSMVRDWVMLSLSNFTQRAPVAMATWSLSCFFVSASTSPWVAAILPHVISRMGKLEQVDVNLFCLVATDFYRHQIEEELDRRAFQSVLEVVAAPGSPYHRLLTCLRNVHKVTTC	HTT
ENST00000680360	ENSP00000505014	MRKKELSATKKDRVNHCLTICENIVAQSVRNSPEFQKLLGIAMELFLLCSDDAESDVRMVADECLNKVIKALMDSNLPRLQLELYKEIKKNGAPRSLRAALWRFAELAHLVRPQKCRPYLVNLLPCLTRTSKRPEESVQETLAAAVPKIMASFGNFANDNEIKVLLKAFIANLKSSSPTIRRTAAGSAVSICQHSRRTQYFYSWLLNVLLGLLVPVEDEHSTLLILGVLLTLRYLVPLLQQQVKDTSLKGSFGVTRKEMEVSPSAEQLVQVYELTLHHTQHQDHNVVTGALELLQQLFRTPPPELLQTLTAVGGIGQLTAAKEESGGRSRSGSIVELIAGGGSSCSPVLSRKQKGKVLLGEEEALEDDSESRSDVSSSALTASVKDEISGELAASSGVSTPGSAGHDIITEQPRSQHTLQADSVDLASCDLTSSATDGDEEDILSHSSSQVSAVPSDPAMDLNDGTQASSPISDSSQTTTEGPDSAVTPSDSSEIVLDGTDNQYLGLQIGQPQDEDEEATGILPDEASEAFRNSSMALQQAHLLKNMSHCRQPSDSSVDKFVLRDEATEPGDQENKPCRIKGDIGQSTDDDSAPLVHCVRLLSASFLLTGGKNVLVPDRDVRVSVKALALSCVGAAVALHPESFFSKLYKVPLDTTEYPEEQYVSDILNYIDHGDPQVRGATAILCGTLICSILSRSRFHVGDWMGTIRTLTGNTFSLADCIPLLRKTLKDESSVTCKLACTAVRNCVMSLCSSSYSELGLQLIIDVLTLRNSSYWLVRTELLETLAEIDFRLVSFLEAKAENLHRGAHHYTGLLKLQERVLNNVVIHLLGDEDPRVRHVAAASLIRLVPKLFYKCDQGQADPVVAVARDQSSVYLKLLMHETQPPSHFSVSTITRIYRGYNLLPSITDVTMENNLSRVIAAVSHELITSTTRALTFGCCEALCLLSTAFPVCIWSLGWHCGVPPLSASDESRKSCTVGMATMILTLLSSAWFPLDLSAHQDALILAGNLLAASAPKSLRSSWASEEEANPAATKQEEVWPALGDRALVPMVEQLFSHLLKVINICAHVLDDVAPGPAIKAALPSLTNPPSLSPIRRKGKEKEPGEQASVPLSPKKGSEASAASRQSDTSGPVTTSKSSSLGSFYHLPSYLKLHDVLKATHANYKVTLDLQNSTEKFGGFLRSALDVLSQILELATLQDIGKCVEEILGYLKSCFSREPMMATVCVQQLLKTLFGTNLASQFDGLSSNPSKSQGRAQRLGSSSVRPGLYHYCFMAPYTHFTQALADASLRNMVQAEQENDTSGWFDVLQKVSTQLKTNLTSVTKNRADKNAIHNHIRLFEPLVIKALKQYTTTTCVQLQKQVLDLLAQLVQLRVNYCLLDSDQVFIGFVLKQFEYIEVGQFRESEAIIPNIFFFLVLLSYERYHSKQIIGIPKIIQLCDGIMASGRKAVTHAIPALQPIVHDLFVLRGTNKADAGKELETQKEVVVSMLLRLIQYHQVLEMFILVLQQCHKENEDKWKRLSRQIADIILPMLAKQQMHIDSHEALGVLNTLFEILAPSSLRPVDMLLRSMFVTPNTMASVSTVQLWISGILAILRVLISQSTEDIVLSRIQELSFSPYLISCTVINRLRDGDSTSTLEEHSEGKQIKNLPEETFSRFLLQLVGILLEDIVTKQLKVEMSEQQHTFYCQELGTLLMCLIHIFKSGMFRRITAAATRLFRSDGCGGSFYTLDSLNLRARSMITTHPALVLLWCQILLLVNHTDYRWWAEVQQTPKRHSLSSTKLLSPQMSGEEEDSDLAAKLGMCNREIVRRGALILFCDYVCQNLHDSEHLTWLIVNHIQDLISLSHEPPVQDFISAVHRNSAASGLFIQAIQSRCENLSTPTMLKKTLQCLEGIHLSQSGAVLTLYVDRLLCTPFRVLARMVDILACRRVEMLLAANLQSSMAQLPMEELNRIQEYLQSSGLAQRHQRLYSLLDRFRLSTMQDSLSPSPPVSSHPLDGDGHVSLETVSPDKDWYVHLVKSQCWTRSDSALLEGAELVNRIPAEDMNAFMMNSEFNLSLLAPCLSLGMSEISGGQKSALFEAAREVTLARVSGTVQQLPAVHHVFQPELPAEPAAYWSKLNDLFGDAALYQSLPTLARALAQYLVVVSKLPSHLHLPPEKEKDIVKFVVATLEVHEWAFCDSVLPFRPCPGI	HTT
ENST00000681528	ENSP00000506116	MRKKELSATKKDRVNHCLTICENIVAQSVRNSPEFQKLLGIAMELFLLCSDDAESDVRMVADECLNKVIKALMDSNLPRLQLELYKEIKKNGAPRSLRAALWRFAELAHLVRPQKCRPYLVNLLPCLTRTSKRPEESVQETLAAAVPKIMASFGNFANDNEIKVLLKAFIANLKSSSPTIRRTAAGSAVSICQHSRRTQYFYSWLLNVLLGLLVPVEDEHSTLLILGVLLTLRYLVPLLQQQVKDTSLKGSFGVTRKEMEVSPSAEQLVQVYELTLHHTQHQDHNVVTGALELLQQLFRTPPPELLQTLTAVGGIGQLTAAKEESGGRSRSGSIVELIAGGGSSCSPVLSRKQKGKVLLGEEEALEDDSESRSDVSSSALTASVKDEISGELAASSGVSTPGSAGHDIITEQPRSQHTLQADSVDLASCDLTSSATDGDEEDILSHSSSQVSAVPSDPAMDLNDGTQASSPISDSSQTTTEGPDSAVTPSDSSEIVLDGTDNQYLGLQIGQPQDEDEEATGILPDEASEAFRNSSMALQQAHLLKNMSHCRQPSDSSVDKFVLRDEATEPGDQENKPCRIKGDIGQSTDDDSAPLVHCVRLLSASFLLTGGKNVLVPDRDVRVSVKALALSCVGAAVALHPESFFSKLYKVPLDTTEYPEEQYVSDILNYIDHGDPQVRGATAILCGTLICSILSRSRFHVGDWMGTIRTLTGNTFSLADCIPLLRKTLKDESSVTCKLACTAVRNCVMSLCSSSYSELGLQLIIDVLTLRNSSYWLVRTELLETLAEIDFRLVSFLEAKAENLHRGAHHYTGLLKLQERVLNNVVIHLLGDEDPRVRHVAAASLIRLVPKLFYKCDQGQADPVVAVARDQSSVYLKLLMHETQPPSHFSVSTITRIYRGYNLLPSITDVTMENNLSRVIAAVSHELITSTTRALTFGCCEALCLLSTAFPVCIWSLGWHCGVPPLSASDESRKSCTVGMATMILTLLSSAWFPLDLSAHQDALILAGNLLAASAPKSLRSSWASEEEANPAATKQEEVWPALGDRALVPMVEQLFSHLLKVINICAHVLDDVAPGPAIKAALPSLTNPPSLSPIRRKGKEKEPGEQASVPLSPKKGSEASAASRQSDTSGPVTTSKSSSLGSFYHLPSYLKLHDVLKATHANYKVTLDLQNSTEKFGGFLRSALDVLSQILELATLQDIGKCVEEILGYLKSCFSREPMMATVCVQQLLKTLFGTNLASQFDGLSSNPSKSQGRAQRLGSSSVRPGLYHYCFMAPYTHFTQALADASLRNMVQAEQENDTSGWFDVLQKVSTQLKTNLTSVTKNRADKNAIHNHIRLFEPLVIKALKQYTTTTCVQLQKQVLDLLAQLVQLRVNYCLLDSDQVFIGFVLKQFEYIEVGQFRESEAIIPNIFFFLVLLSYERYHSKQIIGIPKIIQLCDGIMASGRKAVTHAIPALQPIVHDLFVLRGTNKADAGKELETQKEVVVSMLLRLIQYHQVLEMFILVLQQCHKENEDKWKRLSRQIADIILPMLAKQQMHIDSHEALGVLNTLFEILAPSSLRPVDMLLRSMFVTPNTMASVSTVQLWISGILAILRVLISQSTEDIVLSRIQELSFSPYLISCTVINRLRDGDSTSTLEEHSEGKQIKNLPEETFSRFLLQLVGILLEDIVTKQLKVEMSEQQHTFYCQELGTLLMCLIHIFKSGMFRRITAAATRLFRSDGCGGSFYTLDSLNLRARSMITTHPALVLLWCQILLLVNHTDYRWWAEVQQTPNLGDTARRCLWGKKKETEPRGVQPSESGPFRRHSLSSTKLLSPQMSGEEEDSDLAAKLGMCNREIVRRGALILFCDYVCQNLHDSEHLTWLIVNHIQDLISLSHEPPVQDFISAVHRNSAASGLFIQAIQSRCENLSTPTMLKKTLQCLEGIHLSQSGAVLTLYVDRLLCTPFRVLARMVDILACRRVEMLLAANLQSSMAQLPMEELNRIQEYLQSSGLAQRHQRLYSLLDRFRLSTMQDSLSPSPPVSSHPLDGDGHVSLETVSPDKDWYVHLVKSQCWTRSDSALLEGAELVNRIPAEDMNAFMMNSEFNLSLLAPCLSLGMSEISGGQKSALFEAAREVTLARVSGTVQQLPAVHHVFQPELPAEPAAYWSKLNDLFGDAALYQSLPTLARALAQYLVVVSKLPSHLHLPPEKEKDIVKFVVATLEALSWHLIHEQIPLSLDLQAGLDCCCLALQLPGLWSVVSSTEFVTHACSLIYCVHFILEAVAVQPGEQLLSPERRTNTPKAISEEEEEVDPNTQNPKYITAACEMVAEMVESLQSVLALGHKRNSGVPAFLTPLLRNIIISLARLPLVNSYTRVPPLVWKLGWSPKPGGDFGTAFPEIPVEFLQEKEVFKEFIYRINTLGWTSRTQFEETWATLLGVLVTQPLVMEQEESPPEEDTERTQINVLAVQAITSLVLSAMTVPVAGNPAVSCLEQQPRNKPLKALDTRFGRKLSIIRGIVEQEIQAMVSKRENIATHHLYQAWDPVPSLSPATTGALISHEKLLLQINPERELGSMSYKLGQVSIHSVWLGNSITPLREEEWDEEEEEEADAPAPSSPPTSPVNSRKHRAGVDIHSCSQFLLELYSRWILPSSSARRTPAILISEVVRSLLVVSDLFTERNQFELMYVTLTELRRVHPSEDEILAQYLVPATCKAAAVLGMDKAVAEPVSRLLESTLRSSHLPSRVGALHGVLYVLECDLLDDTAKQLIPVISDYLLSNLKGIAHCVNIHSQQHVLVMCATAFYLIENYPLDVGPEFSASIIQMCGVMLSGSEESTPSIIYHCALRGLERLLLSEQLSRLDAESLVKLSVDRVNVHSPHRAMAALGLMLTCMYTGKEKVSPGRTSDPNPAAPDSESVIVAMERVSVLFDRIRKGFPCEARVVARILPQFLDDFFPPQDIMNKVIGEFLSNQQPYPQFMATVVYKVFQTLHSTGQSSMVRDWVMLSLSNFTQRAPVAMATWSLSCFFVSASTSPWVAAILPHVISRMGKLEQVDVNLFCLVATDFYRHQIEEELDRRAFQSVLEVVAAPGSPYHRLLTCLRNVHKVTTC	HTT
ENST00000355072	ENSP00000347184	MATLEKLMKAFESLKSFQQQQQQQQQQQQQQQQQQQQQPPPPPPPPPPPQLPQPPPQAQPLLPQPQPPPPPPPPPPGPAVAEEPLHRPKKELSATKKDRVNHCLTICENIVAQSVRNSPEFQKLLGIAMELFLLCSDDAESDVRMVADECLNKVIKALMDSNLPRLQLELYKEIKKNGAPRSLRAALWRFAELAHLVRPQKCRPYLVNLLPCLTRTSKRPEESVQETLAAAVPKIMASFGNFANDNEIKVLLKAFIANLKSSSPTIRRTAAGSAVSICQHSRRTQYFYSWLLNVLLGLLVPVEDEHSTLLILGVLLTLRYLVPLLQQQVKDTSLKGSFGVTRKEMEVSPSAEQLVQVYELTLHHTQHQDHNVVTGALELLQQLFRTPPPELLQTLTAVGGIGQLTAAKEESGGRSRSGSIVELIAGGGSSCSPVLSRKQKGKVLLGEEEALEDDSESRSDVSSSALTASVKDEISGELAASSGVSTPGSAGHDIITEQPRSQHTLQADSVDLASCDLTSSATDGDEEDILSHSSSQVSAVPSDPAMDLNDGTQASSPISDSSQTTTEGPDSAVTPSDSSEIVLDGTDNQYLGLQIGQPQDEDEEATGILPDEASEAFRNSSMALQQAHLLKNMSHCRQPSDSSVDKFVLRDEATEPGDQENKPCRIKGDIGQSTDDDSAPLVHCVRLLSASFLLTGGKNVLVPDRDVRVSVKALALSCVGAAVALHPESFFSKLYKVPLDTTEYPEEQYVSDILNYIDHGDPQVRGATAILCGTLICSILSRSRFHVGDWMGTIRTLTGNTFSLADCIPLLRKTLKDESSVTCKLACTAVRNCVMSLCSSSYSELGLQLIIDVLTLRNSSYWLVRTELLETLAEIDFRLVSFLEAKAENLHRGAHHYTGLLKLQERVLNNVVIHLLGDEDPRVRHVAAASLIRLVPKLFYKCDQGQADPVVAVARDQSSVYLKLLMHETQPPSHFSVSTITRIYRGYNLLPSITDVTMENNLSRVIAAVSHELITSTTRALTFGCCEALCLLSTAFPVCIWSLGWHCGVPPLSASDESRKSCTVGMATMILTLLSSAWFPLDLSAHQDALILAGNLLAASAPKSLRSSWASEEEANPAATKQEEVWPALGDRALVPMVEQLFSHLLKVINICAHVLDDVAPGPAIKAALPSLTNPPSLSPIRRKGKEKEPGEQASVPLSPKKGSEASAASRQSDTSGPVTTSKSSSLGSFYHLPSYLKLHDVLKATHANYKVTLDLQNSTEKFGGFLRSALDVLSQILELATLQDIGKCVEEILGYLKSCFSREPMMATVCVQQLLKTLFGTNLASQFDGLSSNPSKSQGRAQRLGSSSVRPGLYHYCFMAPYTHFTQALADASLRNMVQAEQENDTSGWFDVLQKVSTQLKTNLTSVTKNRADKNAIHNHIRLFEPLVIKALKQYTTTTCVQLQKQVLDLLAQLVQLRVNYCLLDSDQVFIGFVLKQFEYIEVGQFRESEAIIPNIFFFLVLLSYERYHSKQIIGIPKIIQLCDGIMASGRKAVTHAIPALQPIVHDLFVLRGTNKADAGKELETQKEVVVSMLLRLIQYHQVLEMFILVLQQCHKENEDKWKRLSRQIADIILPMLAKQQMHIDSHEALGVLNTLFEILAPSSLRPVDMLLRSMFVTPNTMASVSTVQLWISGILAILRVLISQSTEDIVLSRIQELSFSPYLISCTVINRLRDGDSTSTLEEHSEGKQIKNLPEETFSRFLLQLVGILLEDIVTKQLKVEMSEQQHTFYCQELGTLLMCLIHIFKSGMFRRITAAATRLFRSDGCGGSFYTLDSLNLRARSMITTHPALVLLWCQILLLVNHTDYRWWAEVQQTPKRHSLSSTKLLSPQMSGEEEDSDLAAKLGMCNREIVRRGALILFCDYVCQNLHDSEHLTWLIVNHIQDLISLSHEPPVQDFISAVHRNSAASGLFIQAIQSRCENLSTPTMLKKTLQCLEGIHLSQSGAVLTLYVDRLLCTPFRVLARMVDILACRRVEMLLAANLQSSMAQLPMEELNRIQEYLQSSGLAQRHQRLYSLLDRFRLSTMQDSLSPSPPVSSHPLDGDGHVSLETVSPDKDWYVHLVKSQCWTRSDSALLEGAELVNRIPAEDMNAFMMNSEFNLSLLAPCLSLGMSEISGGQKSALFEAAREVTLARVSGTVQQLPAVHHVFQPELPAEPAAYWSKLNDLFGDAALYQSLPTLARALAQYLVVVSKLPSHLHLPPEKEKDIVKFVVATLEALSWHLIHEQIPLSLDLQAGLDCCCLALQLPGLWSVVSSTEFVTHACSLIYCVHFILEAVAVQPGEQLLSPERRTNTPKAISEEEEEVDPNTQNPKYITAACEMVAEMVESLQSVLALGHKRNSGVPAFLTPLLRNIIISLARLPLVNSYTRVPPLVWKLGWSPKPGGDFGTAFPEIPVEFLQEKEVFKEFIYRINTLGWTSRTQFEETWATLLGVLVTQPLVMEQEESPPEEDTERTQINVLAVQAITSLVLSAMTVPVAGNPAVSCLEQQPRNKPLKALDTRFGRKLSIIRGIVEQEIQAMVSKRENIATHHLYQAWDPVPSLSPATTGALISHEKLLLQINPERELGSMSYKLGQVSIHSVWLGNSITPLREEEWDEEEEEEADAPAPSSPPTSPVNSRKHRAGVDIHSCSQFLLELYSRWILPSSSARRTPAILISEVVRSLLVVSDLFTERNQFELMYVTLTELRRVHPSEDEILAQYLVPATCKAAAVLGMDKAVAEPVSRLLESTLRSSHLPSRVGALHGVLYVLECDLLDDTAKQLIPVISDYLLSNLKGIAHCVNIHSQQHVLVMCATAFYLIENYPLDVGPEFSASIIQMCGVMLSGSEESTPSIIYHCALRGLERLLLSEQLSRLDAESLVKLSVDRVNVHSPHRAMAALGLMLTCMYTGKEKVSPGRTSDPNPAAPDSESVIVAMERVSVLFDRIRKGFPCEARVVARILPQFLDDFFPPQDIMNKVIGEFLSNQQPYPQFMATVVYKVFQTLHSTGQSSMVRDWVMLSLSNFTQRAPVAMATWSLSCFFVSASTSPWVAAILPHVISRMGKLEQVDVNLFCLVATDFYRHQIEEELDRRAFQSVLEVVAAPGSPYHRLLTCLRNVHKVTTC	HTT
ENST00000649131	ENSP00000497424	XLVPKLFYKCDQGQADPVVAVARDQSSVYLKLLMHETQPPSHFSVSTITSLYIFVIRIYRGYNLLPSITDVTMENNLSRVIAAVSHELITSTTRALT	HTT
ENST00000509618	ENSP00000425743	XELATLQDIGKCVEEILGYLKSCFSREPMMATVCVQQLLKTLFGTNLASQFDGLSSNPSKSQGRAQRLGSSSVRPGLYHYCFMAPYTHFTQALADASLRNMVQAEQENDTSG	HTT
ENST00000650588	ENSP00000497844	LLKTLFGTNLASQFDGLSSNPSKSQGRAQRLGSSSVRPGLYHYCFMAPYTHFTQALADASLRNMVQAEQENDTSG	HTT
ENST00000650595	ENSP00000497994	LLKTLFGTNLASQFDGLSSNPSKSQGRAQRLGSSSVRPGLYHYCFMAPYTHFTQALADASLRNMVQAEQENDTSG	HTT
LRG_763t1	LRG_763p1	MATLEKLMKAFESLKSFQQQQQQQQQQQQQQQQQQQQQQQPPPPPPPPPPPQLPQPPPQAQPLLPQPQPPPPPPPPPPGPAVAEEPLHRPKKELSATKKDRVNHCLTICENIVAQSVRNSPEFQKLLGIAMELFLLCSDDAESDVRMVADECLNKVIKALMDSNLPRLQLELYKEIKKNGAPRSLRAALWRFAELAHLVRPQKCRPYLVNLLPCLTRTSKRPEESVQETLAAAVPKIMASFGNFANDNEIKVLLKAFIANLKSSSPTIRRTAAGSAVSICQHSRRTQYFYSWLLNVLLGLLVPVEDEHSTLLILGVLLTLRYLVPLLQQQVKDTSLKGSFGVTRKEMEVSPSAEQLVQVYELTLHHTQHQDHNVVTGALELLQQLFRTPPPELLQTLTAVGGIGQLTAAKEESGGRSRSGSIVELIAGGGSSCSPVLSRKQKGKVLLGEEEALEDDSESRSDVSSSALTASVKDEISGELAASSGVSTPGSAGHDIITEQPRSQHTLQADSVDLASCDLTSSATDGDEEDILSHSSSQVSAVPSDPAMDLNDGTQASSPISDSSQTTTEGPDSAVTPSDSSEIVLDGTDNQYLGLQIGQPQDEDEEATGILPDEASEAFRNSSMALQQAHLLKNMSHCRQPSDSSVDKFVLRDEATEPGDQENKPCRIKGDIGQSTDDDSAPLVHCVRLLSASFLLTGGKNVLVPDRDVRVSVKALALSCVGAAVALHPESFFSKLYKVPLDTTEYPEEQYVSDILNYIDHGDPQVRGATAILCGTLICSILSRSRFHVGDWMGTIRTLTGNTFSLADCIPLLRKTLKDESSVTCKLACTAVRNCVMSLCSSSYSELGLQLIIDVLTLRNSSYWLVRTELLETLAEIDFRLVSFLEAKAENLHRGAHHYTGLLKLQERVLNNVVIHLLGDEDPRVRHVAAASLIRLVPKLFYKCDQGQADPVVAVARDQSSVYLKLLMHETQPPSHFSVSTITRIYRGYNLLPSITDVTMENNLSRVIAAVSHELITSTTRALTFGCCEALCLLSTAFPVCIWSLGWHCGVPPLSASDESRKSCTVGMATMILTLLSSAWFPLDLSAHQDALILAGNLLAASAPKSLRSSWASEEEANPAATKQEEVWPALGDRALVPMVEQLFSHLLKVINICAHVLDDVAPGPAIKAALPSLTNPPSLSPIRRKGKEKEPGEQASVPLSPKKGSEASAASRQSDTSGPVTTSKSSSLGSFYHLPSYLKLHDVLKATHANYKVTLDLQNSTEKFGGFLRSALDVLSQILELATLQDIGKCVEEILGYLKSCFSREPMMATVCVQQLLKTLFGTNLASQFDGLSSNPSKSQGRAQRLGSSSVRPGLYHYCFMAPYTHFTQALADASLRNMVQAEQENDTSGWFDVLQKVSTQLKTNLTSVTKNRADKNAIHNHIRLFEPLVIKALKQYTTTTCVQLQKQVLDLLAQLVQLRVNYCLLDSDQVFIGFVLKQFEYIEVGQFRESEAIIPNIFFFLVLLSYERYHSKQIIGIPKIIQLCDGIMASGRKAVTHAIPALQPIVHDLFVLRGTNKADAGKELETQKEVVVSMLLRLIQYHQVLEMFILVLQQCHKENEDKWKRLSRQIADIILPMLAKQQMHIDSHEALGVLNTLFEILAPSSLRPVDMLLRSMFVTPNTMASVSTVQLWISGILAILRVLISQSTEDIVLSRIQELSFSPYLISCTVINRLRDGDSTSTLEEHSEGKQIKNLPEETFSRFLLQLVGILLEDIVTKQLKVEMSEQQHTFYCQELGTLLMCLIHIFKSGMFRRITAAATRLFRSDGCGGSFYTLDSLNLRARSMITTHPALVLLWCQILLLVNHTDYRWWAEVQQTPKRHSLSSTKLLSPQMSGEEEDSDLAAKLGMCNREIVRRGALILFCDYVCQNLHDSEHLTWLIVNHIQDLISLSHEPPVQDFISAVHRNSAASGLFIQAIQSRCENLSTPTMLKKTLQCLEGIHLSQSGAVLTLYVDRLLCTPFRVLARMVDILACRRVEMLLAANLQSSMAQLPMEELNRIQEYLQSSGLAQRHQRLYSLLDRFRLSTMQDSLSPSPPVSSHPLDGDGHVSLETVSPDKDWYVHLVKSQCWTRSDSALLEGAELVNRIPAEDMNAFMMNSEFNLSLLAPCLSLGMSEISGGQKSALFEAAREVTLARVSGTVQQLPAVHHVFQPELPAEPAAYWSKLNDLFGDAALYQSLPTLARALAQYLVVVSKLPSHLHLPPEKEKDIVKFVVATLEALSWHLIHEQIPLSLDLQAGLDCCCLALQLPGLWSVVSSTEFVTHACSLIYCVHFILEAVAVQPGEQLLSPERRTNTPKAISEEEEEVDPNTQNPKYITAACEMVAEMVESLQSVLALGHKRNSGVPAFLTPLLRNIIISLARLPLVNSYTRVPPLVWKLGWSPKPGGDFGTAFPEIPVEFLQEKEVFKEFIYRINTLGWTSRTQFEETWATLLGVLVTQPLVMEQEESPPEEDTERTQINVLAVQAITSLVLSAMTVPVAGNPAVSCLEQQPRNKPLKALDTRFGRKLSIIRGIVEQEIQAMVSKRENIATHHLYQAWDPVPSLSPATTGALISHEKLLLQINPERELGSMSYKLGQVSIHSVWLGNSITPLREEEWDEEEEEEADAPAPSSPPTSPVNSRKHRAGVDIHSCSQFLLELYSRWILPSSSARRTPAILISEVVRSLLVVSDLFTERNQFELMYVTLTELRRVHPSEDEILAQYLVPATCKAAAVLGMDKAVAEPVSRLLESTLRSSHLPSRVGALHGVLYVLECDLLDDTAKQLIPVISDYLLSNLKGIAHCVNIHSQQHVLVMCATAFYLIENYPLDVGPEFSASIIQMCGVMLSGSEESTPSIIYHCALRGLERLLLSEQLSRLDAESLVKLSVDRVNVHSPHRAMAALGLMLTCMYTGKEKVSPGRTSDPNPAAPDSESVIVAMERVSVLFDRIRKGFPCEARVVARILPQFLDDFFPPQDIMNKVIGEFLSNQQPYPQFMATVVYKVFQTLHSTGQSSMVRDWVMLSLSNFTQRAPVAMATWSLSCFFVSASTSPWVAAILPHVISRMGKLEQVDVNLFCLVATDFYRHQIEEELDRRAFQSVLEVVAAPGSPYHRLLTCLRNVHKVTTC	HTT
